{
    "type": "APL",
    "version": "1.3",
    "description": "A simple hello world APL document.",
    "settings": {},
    "theme": "dark",
    "import": [],
    "resources": [],
    "styles": {},
    "onMount": [],
    "graphics": {},
    "commands": {},
    "layouts": {},
    "mainTemplate": {
      "parameters": [
        "payload"
      ],
      "items": [
        {
          "type": "Text",
          "height": "100vh",
          "textAlign": "center",
          "textAlignVertical": "center",
          "text": "Hello World!"
        }
      ]
    }
  }